config,final_loss,heldout_w2_dist
mine,1.1581764767669607,1.1132010663233305
baseline,0.001394182083505787,0.9276608695647879
