config,final_loss,heldout_w2_dist
mine,12.616873253467933,4.1503
baseline,0.00018244321945142393,0.6285
