config,final_loss,heldout_w2_dist
mine,0.3787021406948642,0.6198999999999999
baseline,1.192920120564359e-05,0.6285
