config,final_loss,heldout_w2_dist
mine,0.3778211862982448,4.1503
baseline,1.192920120564359e-05,0.6285
